,version,userId,games
0,button,02257e8bdad564da1d0d94a0e8dbff25,13
1,button,03224c5a0bd15bfe6ae5f5fc70948bcb,7
2,button,0583d77813011a1c1088062a06f24e31,7
3,button,05b35f9e830097ce9f5da29d42b05d46,4
4,button,0cb55ed02efca998f6d2b7050a6c55e5,2
5,button,0e7332082990bc5845870844e75b89ef,2
6,button,0f583bb7432b149832e3a451527c0f97,12
7,button,0f7c64e39e23f81c4e859ce497f4e55b,1
8,button,145caec821609736e2764c739683191f,4
9,button,1d50a183d62faea0190d49d72fa7499f,1
10,button,1fa64f04f88bf89dbc06974c347e0fbc,1
11,button,1fe30070be6d41d84c84efcc86fe000a,31
12,button,24b1220c25f0c20325fb1e1a743122d1,3
13,button,2888ff5af2222533fe79c7619f337dda,1
14,button,29777337f71c3a5e3e12886c26e31ba0,11
15,button,2ee0fd7488c5dda61705bed8e0d7203f,5
16,button,30279c6093f5b87f521b9dbd0dc63e7f,1
17,button,32dd5389956ffeac3cd21e5aa1d0dfcf,10
18,button,3524261a268a0a71dadf7712c5d711b3,28
19,button,35d64b37e771ee6c03d1443002067930,5
20,button,36889e394f98e2b7518f1483ee382bd5,2
21,button,3e363c43b65c1a7f8d1a5327ee5bd667,3
22,button,4044e5d10be930180ce3b1bf7d52129a,7
23,button,49d4f40c9d5a7a0cdca0593ca44f75a5,19
24,button,508c4d718be3dc79804615e955848d42,15
25,button,5fb80ba7cc239a99e02a312f42894fdf,1
26,button,6cb534285c3062a4c9ccb6ce86cf436f,1
27,button,6d81a22fd928575510fb63db0c2a301b,9
28,button,6ffa51bc86e5590b1b023f5e220691cf,2
29,button,723f1ec9d5bb170bc6efe0289194c566,3
30,button,736d7b0594d400333ed5a99cce6ab0f3,2
31,button,7bb047cc6b850801f17e677f9ff8699b,5
32,button,7c061476685b78475af843b534f2567b,31
33,button,7d3ed59f66c8785cd6a9d3e84751371f,6
34,button,8046e15faa14b3d2209439c7285c6f68,10
35,button,8202d916bfca798dd46c3cae5a9844be,6
36,button,8515489b369cf227abac4e9f02df3e07,7
37,button,917aa63a8ab112d7e53d4cdf7b9322da,3
38,button,9622b154016dda7aa8d9c9b20b81825f,1
39,button,a50b2e64a730620df4d4bf3e4d9acfa3,1
40,button,a683a4c62f18c69b0347fd6bb7eb64c6,22
41,button,a68c41eba082c54c2de4f1547897ac4d,3
42,button,b29a8d7fc4ef91f937c9871b959c0fbb,3
43,button,b346593b914bf5cdb299adde743133b3,6
44,button,b76345b5128e296df159647fda30a639,11
45,button,b9fdfe0df9ee3d8164f2af1211600bb7,9
46,button,ba096ed33ac1e0196fdf813245e203fe,5
47,button,bb403eacdf603470df22904020339878,5
48,button,be2f1287ad8f71ccd10764391d958bdc,3
49,button,c28559bc1c1a9be2277cfaa50e3c4e56,5
50,button,c937c2a0faabb7cbfea894e0fcb07649,10
51,button,dd0374ac9d9ef8f9463609726d064833,4
52,button,df621a2f54d6221634e6631ea29b1dba,3
53,button,e10a8d8eae3a3981cf440ea69616c591,1
54,button,e1564f0a67570876f9db5904f73441d5,1
55,button,e275b9a143ec9eba57765af2c56786f7,9
56,button,e6036e17f14c841ef45327a918d9d8ae,2
57,button,e83b71d90a361a9f97c5df0c5b850b07,10
58,button,ed4f055fe0502863e7e0093892833be1,1
59,button,ef174d8829a0045feae6c004b3148ecd,36
60,button,ef6d51270e509f39f2e62c442e00dd41,6
61,button,f899ce3f11ea0283e1edaf51766c9227,31
62,release,09bb003b33609b54e94930078188406e,2
63,release,0a02b61ab93bbed219c174bea5883ef7,2
64,release,0cf8f70d04f771d4cd5692f268938e34,5
65,release,0ff5c121415660d256320be084cb893c,9
66,release,122adcdb3a0470e3dd6020a569f2a23a,37
67,release,1dd94e44d44803a102640a46de73ced9,4
68,release,255883323c031bbdf4181ce7fddc65fe,2
69,release,2b0d93cee873780426ab4303a237200b,5
70,release,33c90694896f83e50488d0b68b424c36,5
71,release,35148bf1d2988bfbc15b7507ba313153,13
72,release,367c24c8d6fdea8d274462835e4e50ad,34
73,release,3817c770b9a99b59a3a8573a3dbc401c,2
74,release,41e284a9dcc5c8c7221c18f99d76c031,45
75,release,42d3c3d4ecc6ebe9708d8766eef32611,4
76,release,46535a57017fa67e5c790149e33b0bde,1
77,release,4701aafe39b61396f0998c70aeb35d3a,4
78,release,4881883d437543a9f385da879ed42db5,6
79,release,53929aa2feee9934d0ffb46b2475fd20,12
80,release,579f367b875b8a5061b917965d1dbbe9,9
81,release,631264f4f4bd134fd7558f52d7800713,19
82,release,651c99e489fc6160c4315622ca07fc8e,2
83,release,69069a06598131e140e597008a92c032,9
84,release,6a7c7c0bc35c22eb88216084a4b851c8,18
85,release,6cb534285c3062a4c9ccb6ce86cf436f,3
86,release,703fa46011009f3b61353ebf11f70228,1
87,release,72378e8f6c97b41caf80f0027f172253,5
88,release,745c013d3ad55dff3e36ff4d31eb1010,4
89,release,78765727915213221be6b5d6030fbb99,46
90,release,7b91ea6fa378f8daef144aba2a2e9077,5
91,release,7bb047cc6b850801f17e677f9ff8699b,32
92,release,7cf4545664e481a536beb8574bd58ff0,25
93,release,7d9421ed79b4a8c4caf4593eba8ac426,3
94,release,961b0ab7d548d11ec1256034dc8d6222,3
95,release,9941035d20dc24dbedb0d397143607e1,2
96,release,9ff8af52e1d538144f3248a3cc04256c,7
97,release,a92506c9d65290c530f3b2059f968553,6
98,release,aa3064b88b638e1d4427db1cc8d7b5cf,6
99,release,ab5b31a891e15bb35d53ed9a7d3e2be5,5
100,release,b32c1c8c4dbf415ae9d2d8a6757dc17f,5
101,release,b515d6a03fc2ab0743c09c3831920638,4
102,release,c1e535e3a3caf2be93c56abb460f4b97,6
103,release,c8776a3e45ea94002ca717dad0b5bdbe,23
104,release,c8ecf15bb1c702c0e7ecfb7040e7488c,4
105,release,c9d74976d4bd99906f5789969ebd442d,8
106,release,cd4cd99daef92fd92a265641c53e5970,4
107,release,cee12aef4261476c2060cbf9ba4d4473,3
108,release,d003a9754f3ac0984f45646eb41d7a7f,3
109,release,d8116c9e32db25d8094de9017eb93e8b,6
110,release,deba690ab4d9f6721bda0cb2045e3e5a,9
111,release,e284e21ab752aab46ee3d7f87fd3fb6e,3
112,release,ec0c28e0aecc01dc88a7fd8502b21df6,7
113,release,f0bcab886015282afc53ae820d87808b,12
114,release,fb8f60361652b022de212ee49667992c,4
115,release,feef98387a10fdecc490a21f0b185648,3
