version,userId,log
button,02257e8bdad564da1d0d94a0e8dbff25,2331
button,02257e8bdad564da1d0d94a0e8dbff25,532
button,02257e8bdad564da1d0d94a0e8dbff25,2092
button,02257e8bdad564da1d0d94a0e8dbff25,176
button,02257e8bdad564da1d0d94a0e8dbff25,764
button,02257e8bdad564da1d0d94a0e8dbff25,934
button,02257e8bdad564da1d0d94a0e8dbff25,2831
button,02257e8bdad564da1d0d94a0e8dbff25,1928
button,02257e8bdad564da1d0d94a0e8dbff25,387
button,02257e8bdad564da1d0d94a0e8dbff25,8
button,02257e8bdad564da1d0d94a0e8dbff25,4
button,02257e8bdad564da1d0d94a0e8dbff25,6
button,02257e8bdad564da1d0d94a0e8dbff25,7
button,03224c5a0bd15bfe6ae5f5fc70948bcb,698
button,03224c5a0bd15bfe6ae5f5fc70948bcb,1908
button,03224c5a0bd15bfe6ae5f5fc70948bcb,166
button,03224c5a0bd15bfe6ae5f5fc70948bcb,1147
button,03224c5a0bd15bfe6ae5f5fc70948bcb,2556
button,03224c5a0bd15bfe6ae5f5fc70948bcb,2852
button,03224c5a0bd15bfe6ae5f5fc70948bcb,3666
button,05b35f9e830097ce9f5da29d42b05d46,1297
button,05b35f9e830097ce9f5da29d42b05d46,818
button,05b35f9e830097ce9f5da29d42b05d46,8391
button,05b35f9e830097ce9f5da29d42b05d46,6
button,0e7332082990bc5845870844e75b89ef,2704
button,0e7332082990bc5845870844e75b89ef,6865
button,0f583bb7432b149832e3a451527c0f97,155
button,0f583bb7432b149832e3a451527c0f97,800
button,0f583bb7432b149832e3a451527c0f97,1145
button,0f583bb7432b149832e3a451527c0f97,569
button,0f583bb7432b149832e3a451527c0f97,793
button,0f583bb7432b149832e3a451527c0f97,926
button,0f583bb7432b149832e3a451527c0f97,2558
button,0f583bb7432b149832e3a451527c0f97,4
button,0f583bb7432b149832e3a451527c0f97,2026
button,0f583bb7432b149832e3a451527c0f97,2262
button,0f583bb7432b149832e3a451527c0f97,3518
button,0f7c64e39e23f81c4e859ce497f4e55b,1316
button,145caec821609736e2764c739683191f,65
button,145caec821609736e2764c739683191f,2
button,145caec821609736e2764c739683191f,1119
button,1d50a183d62faea0190d49d72fa7499f,69
button,1fe30070be6d41d84c84efcc86fe000a,55
button,1fe30070be6d41d84c84efcc86fe000a,6
button,1fe30070be6d41d84c84efcc86fe000a,116
button,1fe30070be6d41d84c84efcc86fe000a,112
button,1fe30070be6d41d84c84efcc86fe000a,678
button,1fe30070be6d41d84c84efcc86fe000a,379
button,1fe30070be6d41d84c84efcc86fe000a,162
button,1fe30070be6d41d84c84efcc86fe000a,855
button,1fe30070be6d41d84c84efcc86fe000a,773
button,1fe30070be6d41d84c84efcc86fe000a,866
button,1fe30070be6d41d84c84efcc86fe000a,583
button,1fe30070be6d41d84c84efcc86fe000a,3
button,1fe30070be6d41d84c84efcc86fe000a,640
button,1fe30070be6d41d84c84efcc86fe000a,8
button,1fe30070be6d41d84c84efcc86fe000a,1095
button,1fe30070be6d41d84c84efcc86fe000a,5
button,1fe30070be6d41d84c84efcc86fe000a,11
button,1fe30070be6d41d84c84efcc86fe000a,1135
button,1fe30070be6d41d84c84efcc86fe000a,111
button,1fe30070be6d41d84c84efcc86fe000a,60
button,1fe30070be6d41d84c84efcc86fe000a,2190
button,1fe30070be6d41d84c84efcc86fe000a,620
button,1fe30070be6d41d84c84efcc86fe000a,1020
button,1fe30070be6d41d84c84efcc86fe000a,1122
button,1fe30070be6d41d84c84efcc86fe000a,1480
button,1fe30070be6d41d84c84efcc86fe000a,3984
button,1fe30070be6d41d84c84efcc86fe000a,915
button,1fe30070be6d41d84c84efcc86fe000a,3141
button,1fe30070be6d41d84c84efcc86fe000a,235
button,1fe30070be6d41d84c84efcc86fe000a,214
button,1fe30070be6d41d84c84efcc86fe000a,381
button,1fe30070be6d41d84c84efcc86fe000a,1154
button,24b1220c25f0c20325fb1e1a743122d1,3
button,24b1220c25f0c20325fb1e1a743122d1,1831
button,2888ff5af2222533fe79c7619f337dda,1408
button,29777337f71c3a5e3e12886c26e31ba0,2433
button,29777337f71c3a5e3e12886c26e31ba0,1268
button,29777337f71c3a5e3e12886c26e31ba0,3627
button,29777337f71c3a5e3e12886c26e31ba0,5015
button,29777337f71c3a5e3e12886c26e31ba0,3748
button,29777337f71c3a5e3e12886c26e31ba0,2
button,29777337f71c3a5e3e12886c26e31ba0,282
button,29777337f71c3a5e3e12886c26e31ba0,1120
button,29777337f71c3a5e3e12886c26e31ba0,1269
button,29777337f71c3a5e3e12886c26e31ba0,2244
button,2ee0fd7488c5dda61705bed8e0d7203f,2000
button,2ee0fd7488c5dda61705bed8e0d7203f,726
button,30279c6093f5b87f521b9dbd0dc63e7f,4344
button,32dd5389956ffeac3cd21e5aa1d0dfcf,164
button,32dd5389956ffeac3cd21e5aa1d0dfcf,486
button,32dd5389956ffeac3cd21e5aa1d0dfcf,379
button,32dd5389956ffeac3cd21e5aa1d0dfcf,2492
button,32dd5389956ffeac3cd21e5aa1d0dfcf,162
button,32dd5389956ffeac3cd21e5aa1d0dfcf,108
button,32dd5389956ffeac3cd21e5aa1d0dfcf,2282
button,32dd5389956ffeac3cd21e5aa1d0dfcf,56
button,32dd5389956ffeac3cd21e5aa1d0dfcf,1368
button,3524261a268a0a71dadf7712c5d711b3,402
button,3524261a268a0a71dadf7712c5d711b3,478
button,3524261a268a0a71dadf7712c5d711b3,66
button,3524261a268a0a71dadf7712c5d711b3,1394
button,3524261a268a0a71dadf7712c5d711b3,1051
button,3524261a268a0a71dadf7712c5d711b3,833
button,3524261a268a0a71dadf7712c5d711b3,220
button,3524261a268a0a71dadf7712c5d711b3,10
button,3524261a268a0a71dadf7712c5d711b3,1353
button,3524261a268a0a71dadf7712c5d711b3,323
button,3524261a268a0a71dadf7712c5d711b3,2425
button,3524261a268a0a71dadf7712c5d711b3,3097
button,3524261a268a0a71dadf7712c5d711b3,3681
button,3524261a268a0a71dadf7712c5d711b3,6229
button,3524261a268a0a71dadf7712c5d711b3,7460
button,3524261a268a0a71dadf7712c5d711b3,4015
button,3524261a268a0a71dadf7712c5d711b3,4816
button,3524261a268a0a71dadf7712c5d711b3,6440
button,3524261a268a0a71dadf7712c5d711b3,3680
button,3524261a268a0a71dadf7712c5d711b3,6157
button,3524261a268a0a71dadf7712c5d711b3,1606
button,3524261a268a0a71dadf7712c5d711b3,1013
button,3524261a268a0a71dadf7712c5d711b3,4532
button,3524261a268a0a71dadf7712c5d711b3,4454
button,3524261a268a0a71dadf7712c5d711b3,1330
button,3524261a268a0a71dadf7712c5d711b3,6504
button,3524261a268a0a71dadf7712c5d711b3,7491
button,35d64b37e771ee6c03d1443002067930,563
button,35d64b37e771ee6c03d1443002067930,395
button,35d64b37e771ee6c03d1443002067930,1875
button,35d64b37e771ee6c03d1443002067930,2569
button,35d64b37e771ee6c03d1443002067930,2439
button,36889e394f98e2b7518f1483ee382bd5,2739
button,36889e394f98e2b7518f1483ee382bd5,933
button,4044e5d10be930180ce3b1bf7d52129a,7
button,4044e5d10be930180ce3b1bf7d52129a,7
button,49d4f40c9d5a7a0cdca0593ca44f75a5,276
button,49d4f40c9d5a7a0cdca0593ca44f75a5,2108
button,49d4f40c9d5a7a0cdca0593ca44f75a5,902
button,49d4f40c9d5a7a0cdca0593ca44f75a5,3301
button,49d4f40c9d5a7a0cdca0593ca44f75a5,4439
button,49d4f40c9d5a7a0cdca0593ca44f75a5,6772
button,49d4f40c9d5a7a0cdca0593ca44f75a5,721
button,49d4f40c9d5a7a0cdca0593ca44f75a5,1523
button,49d4f40c9d5a7a0cdca0593ca44f75a5,7214
button,49d4f40c9d5a7a0cdca0593ca44f75a5,5557
button,49d4f40c9d5a7a0cdca0593ca44f75a5,9447
button,49d4f40c9d5a7a0cdca0593ca44f75a5,2734
button,49d4f40c9d5a7a0cdca0593ca44f75a5,9300
button,49d4f40c9d5a7a0cdca0593ca44f75a5,13204
button,49d4f40c9d5a7a0cdca0593ca44f75a5,9325
button,508c4d718be3dc79804615e955848d42,621
button,508c4d718be3dc79804615e955848d42,972
button,508c4d718be3dc79804615e955848d42,8
button,508c4d718be3dc79804615e955848d42,868
button,508c4d718be3dc79804615e955848d42,884
button,508c4d718be3dc79804615e955848d42,344
button,508c4d718be3dc79804615e955848d42,14
button,508c4d718be3dc79804615e955848d42,886
button,508c4d718be3dc79804615e955848d42,964
button,508c4d718be3dc79804615e955848d42,1166
button,508c4d718be3dc79804615e955848d42,864
button,508c4d718be3dc79804615e955848d42,2148
button,508c4d718be3dc79804615e955848d42,1164
button,5fb80ba7cc239a99e02a312f42894fdf,1007
button,6d81a22fd928575510fb63db0c2a301b,5222
button,6d81a22fd928575510fb63db0c2a301b,5626
button,6d81a22fd928575510fb63db0c2a301b,3202
button,6d81a22fd928575510fb63db0c2a301b,12992
button,6d81a22fd928575510fb63db0c2a301b,6227
button,6d81a22fd928575510fb63db0c2a301b,2467
button,6ffa51bc86e5590b1b023f5e220691cf,3471
button,6ffa51bc86e5590b1b023f5e220691cf,12827
button,723f1ec9d5bb170bc6efe0289194c566,715
button,723f1ec9d5bb170bc6efe0289194c566,3299
button,723f1ec9d5bb170bc6efe0289194c566,2915
button,736d7b0594d400333ed5a99cce6ab0f3,1948
button,736d7b0594d400333ed5a99cce6ab0f3,4043
button,7c061476685b78475af843b534f2567b,2329
button,7c061476685b78475af843b534f2567b,458
button,7c061476685b78475af843b534f2567b,950
button,7c061476685b78475af843b534f2567b,591
button,7c061476685b78475af843b534f2567b,112
button,7c061476685b78475af843b534f2567b,2496
button,7c061476685b78475af843b534f2567b,4801
button,7c061476685b78475af843b534f2567b,9294
button,7c061476685b78475af843b534f2567b,11559
button,7c061476685b78475af843b534f2567b,1878
button,7c061476685b78475af843b534f2567b,267
button,7c061476685b78475af843b534f2567b,293
button,7c061476685b78475af843b534f2567b,434
button,7c061476685b78475af843b534f2567b,330
button,7c061476685b78475af843b534f2567b,16381
button,7c061476685b78475af843b534f2567b,5527
button,7c061476685b78475af843b534f2567b,19083
button,7c061476685b78475af843b534f2567b,553
button,7c061476685b78475af843b534f2567b,23346
button,7c061476685b78475af843b534f2567b,15997
button,7c061476685b78475af843b534f2567b,14467
button,7c061476685b78475af843b534f2567b,23248
button,7c061476685b78475af843b534f2567b,19560
button,7c061476685b78475af843b534f2567b,25707
button,7d3ed59f66c8785cd6a9d3e84751371f,624
button,7d3ed59f66c8785cd6a9d3e84751371f,466
button,7d3ed59f66c8785cd6a9d3e84751371f,2275
button,7d3ed59f66c8785cd6a9d3e84751371f,2599
button,7d3ed59f66c8785cd6a9d3e84751371f,8246
button,8046e15faa14b3d2209439c7285c6f68,636
button,8046e15faa14b3d2209439c7285c6f68,1618
button,8046e15faa14b3d2209439c7285c6f68,1527
button,8046e15faa14b3d2209439c7285c6f68,120
button,8046e15faa14b3d2209439c7285c6f68,282
button,8046e15faa14b3d2209439c7285c6f68,755
button,8202d916bfca798dd46c3cae5a9844be,232
button,8202d916bfca798dd46c3cae5a9844be,215
button,8202d916bfca798dd46c3cae5a9844be,1671
button,8202d916bfca798dd46c3cae5a9844be,554
button,8202d916bfca798dd46c3cae5a9844be,1393
button,8202d916bfca798dd46c3cae5a9844be,1716
button,8515489b369cf227abac4e9f02df3e07,1845
button,8515489b369cf227abac4e9f02df3e07,1031
button,8515489b369cf227abac4e9f02df3e07,3929
button,8515489b369cf227abac4e9f02df3e07,3848
button,8515489b369cf227abac4e9f02df3e07,4008
button,8515489b369cf227abac4e9f02df3e07,2664
button,8515489b369cf227abac4e9f02df3e07,1981
button,a683a4c62f18c69b0347fd6bb7eb64c6,3
button,a683a4c62f18c69b0347fd6bb7eb64c6,5
button,a683a4c62f18c69b0347fd6bb7eb64c6,3
button,a683a4c62f18c69b0347fd6bb7eb64c6,4
button,a683a4c62f18c69b0347fd6bb7eb64c6,3
button,a683a4c62f18c69b0347fd6bb7eb64c6,7
button,a683a4c62f18c69b0347fd6bb7eb64c6,156
button,a683a4c62f18c69b0347fd6bb7eb64c6,5
button,a683a4c62f18c69b0347fd6bb7eb64c6,4
button,a683a4c62f18c69b0347fd6bb7eb64c6,4
button,a683a4c62f18c69b0347fd6bb7eb64c6,3
button,a683a4c62f18c69b0347fd6bb7eb64c6,3
button,a683a4c62f18c69b0347fd6bb7eb64c6,4
button,a683a4c62f18c69b0347fd6bb7eb64c6,5
button,a683a4c62f18c69b0347fd6bb7eb64c6,3
button,a683a4c62f18c69b0347fd6bb7eb64c6,4
button,a683a4c62f18c69b0347fd6bb7eb64c6,6
button,a683a4c62f18c69b0347fd6bb7eb64c6,6
button,a683a4c62f18c69b0347fd6bb7eb64c6,5
button,a683a4c62f18c69b0347fd6bb7eb64c6,155
button,a683a4c62f18c69b0347fd6bb7eb64c6,4
button,a683a4c62f18c69b0347fd6bb7eb64c6,4
button,a68c41eba082c54c2de4f1547897ac4d,1165
button,a68c41eba082c54c2de4f1547897ac4d,6945
button,a68c41eba082c54c2de4f1547897ac4d,8268
button,b29a8d7fc4ef91f937c9871b959c0fbb,2857
button,b29a8d7fc4ef91f937c9871b959c0fbb,2201
button,b346593b914bf5cdb299adde743133b3,4689
button,b346593b914bf5cdb299adde743133b3,4449
button,b346593b914bf5cdb299adde743133b3,2000
button,b76345b5128e296df159647fda30a639,3982
button,b76345b5128e296df159647fda30a639,112
button,b76345b5128e296df159647fda30a639,8606
button,b76345b5128e296df159647fda30a639,16073
button,b9fdfe0df9ee3d8164f2af1211600bb7,1733
button,b9fdfe0df9ee3d8164f2af1211600bb7,1572
button,b9fdfe0df9ee3d8164f2af1211600bb7,1685
button,b9fdfe0df9ee3d8164f2af1211600bb7,437
button,b9fdfe0df9ee3d8164f2af1211600bb7,2464
button,b9fdfe0df9ee3d8164f2af1211600bb7,1005
button,b9fdfe0df9ee3d8164f2af1211600bb7,1185
button,b9fdfe0df9ee3d8164f2af1211600bb7,2677
button,b9fdfe0df9ee3d8164f2af1211600bb7,847
button,ba096ed33ac1e0196fdf813245e203fe,376
button,ba096ed33ac1e0196fdf813245e203fe,2
button,ba096ed33ac1e0196fdf813245e203fe,6468
button,ba096ed33ac1e0196fdf813245e203fe,6798
button,ba096ed33ac1e0196fdf813245e203fe,2846
button,bb403eacdf603470df22904020339878,1877
button,bb403eacdf603470df22904020339878,167
button,bb403eacdf603470df22904020339878,441
button,bb403eacdf603470df22904020339878,1308
button,be2f1287ad8f71ccd10764391d958bdc,746
button,be2f1287ad8f71ccd10764391d958bdc,4034
button,c28559bc1c1a9be2277cfaa50e3c4e56,841
button,c28559bc1c1a9be2277cfaa50e3c4e56,178
button,c28559bc1c1a9be2277cfaa50e3c4e56,3072
button,c937c2a0faabb7cbfea894e0fcb07649,1196
button,c937c2a0faabb7cbfea894e0fcb07649,7282
button,c937c2a0faabb7cbfea894e0fcb07649,2997
button,c937c2a0faabb7cbfea894e0fcb07649,281
button,c937c2a0faabb7cbfea894e0fcb07649,5357
button,c937c2a0faabb7cbfea894e0fcb07649,2476
button,c937c2a0faabb7cbfea894e0fcb07649,12339
button,c937c2a0faabb7cbfea894e0fcb07649,7612
button,dd0374ac9d9ef8f9463609726d064833,3265
button,dd0374ac9d9ef8f9463609726d064833,181
button,dd0374ac9d9ef8f9463609726d064833,1619
button,dd0374ac9d9ef8f9463609726d064833,7374
button,e10a8d8eae3a3981cf440ea69616c591,1883
button,e1564f0a67570876f9db5904f73441d5,1067
button,e275b9a143ec9eba57765af2c56786f7,857
button,e275b9a143ec9eba57765af2c56786f7,1369
button,e275b9a143ec9eba57765af2c56786f7,1998
button,e275b9a143ec9eba57765af2c56786f7,9841
button,e275b9a143ec9eba57765af2c56786f7,2275
button,e275b9a143ec9eba57765af2c56786f7,902
button,e275b9a143ec9eba57765af2c56786f7,1652
button,e275b9a143ec9eba57765af2c56786f7,4142
button,e275b9a143ec9eba57765af2c56786f7,4507
button,e6036e17f14c841ef45327a918d9d8ae,215
button,e6036e17f14c841ef45327a918d9d8ae,2717
button,e83b71d90a361a9f97c5df0c5b850b07,932
button,e83b71d90a361a9f97c5df0c5b850b07,433
button,e83b71d90a361a9f97c5df0c5b850b07,2029
button,e83b71d90a361a9f97c5df0c5b850b07,3770
button,e83b71d90a361a9f97c5df0c5b850b07,1593
button,e83b71d90a361a9f97c5df0c5b850b07,3369
button,e83b71d90a361a9f97c5df0c5b850b07,3520
button,e83b71d90a361a9f97c5df0c5b850b07,6373
button,e83b71d90a361a9f97c5df0c5b850b07,4022
button,e83b71d90a361a9f97c5df0c5b850b07,4851
button,ed4f055fe0502863e7e0093892833be1,682
button,ef174d8829a0045feae6c004b3148ecd,145
button,ef174d8829a0045feae6c004b3148ecd,1096
button,ef174d8829a0045feae6c004b3148ecd,593
button,ef174d8829a0045feae6c004b3148ecd,4
button,ef174d8829a0045feae6c004b3148ecd,788
button,ef174d8829a0045feae6c004b3148ecd,407
button,ef174d8829a0045feae6c004b3148ecd,818
button,ef174d8829a0045feae6c004b3148ecd,249
button,ef174d8829a0045feae6c004b3148ecd,1207
button,ef174d8829a0045feae6c004b3148ecd,2028
button,ef174d8829a0045feae6c004b3148ecd,2334
button,ef174d8829a0045feae6c004b3148ecd,1979
button,ef174d8829a0045feae6c004b3148ecd,1240
button,ef174d8829a0045feae6c004b3148ecd,712
button,ef174d8829a0045feae6c004b3148ecd,1502
button,ef174d8829a0045feae6c004b3148ecd,1993
button,ef174d8829a0045feae6c004b3148ecd,1912
button,ef174d8829a0045feae6c004b3148ecd,4090
button,ef174d8829a0045feae6c004b3148ecd,1540
button,ef174d8829a0045feae6c004b3148ecd,720
button,ef174d8829a0045feae6c004b3148ecd,1776
button,ef174d8829a0045feae6c004b3148ecd,2745
button,ef174d8829a0045feae6c004b3148ecd,3548
button,ef174d8829a0045feae6c004b3148ecd,2227
button,ef174d8829a0045feae6c004b3148ecd,849
button,ef174d8829a0045feae6c004b3148ecd,3874
button,ef174d8829a0045feae6c004b3148ecd,3528
button,ef174d8829a0045feae6c004b3148ecd,2296
button,ef174d8829a0045feae6c004b3148ecd,5563
button,ef174d8829a0045feae6c004b3148ecd,6603
button,ef174d8829a0045feae6c004b3148ecd,1201
button,ef174d8829a0045feae6c004b3148ecd,3392
button,ef174d8829a0045feae6c004b3148ecd,6067
button,ef174d8829a0045feae6c004b3148ecd,3957
button,ef174d8829a0045feae6c004b3148ecd,2376
button,ef174d8829a0045feae6c004b3148ecd,3005
button,ef6d51270e509f39f2e62c442e00dd41,106
button,ef6d51270e509f39f2e62c442e00dd41,3
button,ef6d51270e509f39f2e62c442e00dd41,6470
button,ef6d51270e509f39f2e62c442e00dd41,428
button,f899ce3f11ea0283e1edaf51766c9227,234
button,f899ce3f11ea0283e1edaf51766c9227,1814
button,f899ce3f11ea0283e1edaf51766c9227,10
button,f899ce3f11ea0283e1edaf51766c9227,3085
button,f899ce3f11ea0283e1edaf51766c9227,638
button,f899ce3f11ea0283e1edaf51766c9227,6882
button,f899ce3f11ea0283e1edaf51766c9227,2304
button,f899ce3f11ea0283e1edaf51766c9227,4903
button,f899ce3f11ea0283e1edaf51766c9227,9504
button,f899ce3f11ea0283e1edaf51766c9227,1447
button,f899ce3f11ea0283e1edaf51766c9227,6945
button,f899ce3f11ea0283e1edaf51766c9227,4104
button,f899ce3f11ea0283e1edaf51766c9227,5427
button,f899ce3f11ea0283e1edaf51766c9227,6
button,f899ce3f11ea0283e1edaf51766c9227,11271
button,f899ce3f11ea0283e1edaf51766c9227,5146
button,f899ce3f11ea0283e1edaf51766c9227,9453
button,f899ce3f11ea0283e1edaf51766c9227,6931
button,f899ce3f11ea0283e1edaf51766c9227,1720
button,f899ce3f11ea0283e1edaf51766c9227,4129
button,f899ce3f11ea0283e1edaf51766c9227,4337
button,f899ce3f11ea0283e1edaf51766c9227,2430
button,f899ce3f11ea0283e1edaf51766c9227,1737
button,f899ce3f11ea0283e1edaf51766c9227,1899
button,f899ce3f11ea0283e1edaf51766c9227,2161
button,f899ce3f11ea0283e1edaf51766c9227,2004
button,f899ce3f11ea0283e1edaf51766c9227,3747
button,f899ce3f11ea0283e1edaf51766c9227,5645
button,f899ce3f11ea0283e1edaf51766c9227,610
release,0cf8f70d04f771d4cd5692f268938e34,2933
release,0cf8f70d04f771d4cd5692f268938e34,3222
release,0cf8f70d04f771d4cd5692f268938e34,7370
release,0ff5c121415660d256320be084cb893c,3502
release,0ff5c121415660d256320be084cb893c,3749
release,0ff5c121415660d256320be084cb893c,1682
release,122adcdb3a0470e3dd6020a569f2a23a,0
release,122adcdb3a0470e3dd6020a569f2a23a,1
release,122adcdb3a0470e3dd6020a569f2a23a,2672
release,122adcdb3a0470e3dd6020a569f2a23a,480
release,122adcdb3a0470e3dd6020a569f2a23a,5297
release,122adcdb3a0470e3dd6020a569f2a23a,1209
release,122adcdb3a0470e3dd6020a569f2a23a,380
release,122adcdb3a0470e3dd6020a569f2a23a,3656
release,122adcdb3a0470e3dd6020a569f2a23a,1720
release,122adcdb3a0470e3dd6020a569f2a23a,1628
release,122adcdb3a0470e3dd6020a569f2a23a,3615
release,122adcdb3a0470e3dd6020a569f2a23a,1808
release,122adcdb3a0470e3dd6020a569f2a23a,3480
release,122adcdb3a0470e3dd6020a569f2a23a,4841
release,122adcdb3a0470e3dd6020a569f2a23a,4864
release,122adcdb3a0470e3dd6020a569f2a23a,3522
release,122adcdb3a0470e3dd6020a569f2a23a,3661
release,122adcdb3a0470e3dd6020a569f2a23a,6635
release,122adcdb3a0470e3dd6020a569f2a23a,3735
release,122adcdb3a0470e3dd6020a569f2a23a,6139
release,122adcdb3a0470e3dd6020a569f2a23a,2993
release,122adcdb3a0470e3dd6020a569f2a23a,3249
release,122adcdb3a0470e3dd6020a569f2a23a,7050
release,122adcdb3a0470e3dd6020a569f2a23a,3879
release,122adcdb3a0470e3dd6020a569f2a23a,7114
release,122adcdb3a0470e3dd6020a569f2a23a,6
release,122adcdb3a0470e3dd6020a569f2a23a,2240
release,122adcdb3a0470e3dd6020a569f2a23a,4471
release,122adcdb3a0470e3dd6020a569f2a23a,7398
release,122adcdb3a0470e3dd6020a569f2a23a,3085
release,122adcdb3a0470e3dd6020a569f2a23a,4204
release,122adcdb3a0470e3dd6020a569f2a23a,6
release,122adcdb3a0470e3dd6020a569f2a23a,58
release,1dd94e44d44803a102640a46de73ced9,3139
release,1dd94e44d44803a102640a46de73ced9,1069
release,255883323c031bbdf4181ce7fddc65fe,1576
release,255883323c031bbdf4181ce7fddc65fe,5297
release,2b0d93cee873780426ab4303a237200b,1703
release,2b0d93cee873780426ab4303a237200b,2569
release,2b0d93cee873780426ab4303a237200b,163
release,2b0d93cee873780426ab4303a237200b,2317
release,2b0d93cee873780426ab4303a237200b,3530
release,33c90694896f83e50488d0b68b424c36,2169
release,33c90694896f83e50488d0b68b424c36,4785
release,33c90694896f83e50488d0b68b424c36,5048
release,33c90694896f83e50488d0b68b424c36,329
release,35148bf1d2988bfbc15b7507ba313153,0
release,35148bf1d2988bfbc15b7507ba313153,291
release,35148bf1d2988bfbc15b7507ba313153,1474
release,35148bf1d2988bfbc15b7507ba313153,1431
release,35148bf1d2988bfbc15b7507ba313153,1535
release,367c24c8d6fdea8d274462835e4e50ad,6432
release,367c24c8d6fdea8d274462835e4e50ad,264
release,367c24c8d6fdea8d274462835e4e50ad,171
release,367c24c8d6fdea8d274462835e4e50ad,1730
release,367c24c8d6fdea8d274462835e4e50ad,66
release,367c24c8d6fdea8d274462835e4e50ad,8
release,367c24c8d6fdea8d274462835e4e50ad,1461
release,367c24c8d6fdea8d274462835e4e50ad,1148
release,367c24c8d6fdea8d274462835e4e50ad,1157
release,3817c770b9a99b59a3a8573a3dbc401c,2
release,41e284a9dcc5c8c7221c18f99d76c031,1328
release,41e284a9dcc5c8c7221c18f99d76c031,965
release,41e284a9dcc5c8c7221c18f99d76c031,55
release,41e284a9dcc5c8c7221c18f99d76c031,1086
release,41e284a9dcc5c8c7221c18f99d76c031,2447
release,41e284a9dcc5c8c7221c18f99d76c031,1543
release,41e284a9dcc5c8c7221c18f99d76c031,842
release,41e284a9dcc5c8c7221c18f99d76c031,1752
release,41e284a9dcc5c8c7221c18f99d76c031,1537
release,41e284a9dcc5c8c7221c18f99d76c031,3289
release,41e284a9dcc5c8c7221c18f99d76c031,7279
release,41e284a9dcc5c8c7221c18f99d76c031,58
release,41e284a9dcc5c8c7221c18f99d76c031,1145
release,41e284a9dcc5c8c7221c18f99d76c031,160
release,41e284a9dcc5c8c7221c18f99d76c031,1032
release,41e284a9dcc5c8c7221c18f99d76c031,56
release,41e284a9dcc5c8c7221c18f99d76c031,525
release,41e284a9dcc5c8c7221c18f99d76c031,2294
release,41e284a9dcc5c8c7221c18f99d76c031,6958
release,41e284a9dcc5c8c7221c18f99d76c031,856
release,41e284a9dcc5c8c7221c18f99d76c031,3167
release,41e284a9dcc5c8c7221c18f99d76c031,6276
release,41e284a9dcc5c8c7221c18f99d76c031,1588
release,41e284a9dcc5c8c7221c18f99d76c031,2016
release,41e284a9dcc5c8c7221c18f99d76c031,4075
release,41e284a9dcc5c8c7221c18f99d76c031,1607
release,41e284a9dcc5c8c7221c18f99d76c031,1568
release,42d3c3d4ecc6ebe9708d8766eef32611,6
release,42d3c3d4ecc6ebe9708d8766eef32611,4796
release,46535a57017fa67e5c790149e33b0bde,821
release,4881883d437543a9f385da879ed42db5,3856
release,4881883d437543a9f385da879ed42db5,470
release,4881883d437543a9f385da879ed42db5,12368
release,4881883d437543a9f385da879ed42db5,10
release,4881883d437543a9f385da879ed42db5,294
release,53929aa2feee9934d0ffb46b2475fd20,765
release,53929aa2feee9934d0ffb46b2475fd20,1270
release,53929aa2feee9934d0ffb46b2475fd20,3158
release,53929aa2feee9934d0ffb46b2475fd20,3665
release,53929aa2feee9934d0ffb46b2475fd20,2966
release,53929aa2feee9934d0ffb46b2475fd20,3158
release,53929aa2feee9934d0ffb46b2475fd20,3
release,579f367b875b8a5061b917965d1dbbe9,1593
release,579f367b875b8a5061b917965d1dbbe9,1644
release,579f367b875b8a5061b917965d1dbbe9,3818
release,579f367b875b8a5061b917965d1dbbe9,4602
release,579f367b875b8a5061b917965d1dbbe9,2007
release,579f367b875b8a5061b917965d1dbbe9,5816
release,579f367b875b8a5061b917965d1dbbe9,6451
release,631264f4f4bd134fd7558f52d7800713,4286
release,631264f4f4bd134fd7558f52d7800713,1720
release,631264f4f4bd134fd7558f52d7800713,1772
release,631264f4f4bd134fd7558f52d7800713,1731
release,631264f4f4bd134fd7558f52d7800713,3313
release,631264f4f4bd134fd7558f52d7800713,4838
release,631264f4f4bd134fd7558f52d7800713,710
release,631264f4f4bd134fd7558f52d7800713,7540
release,631264f4f4bd134fd7558f52d7800713,1648
release,631264f4f4bd134fd7558f52d7800713,6499
release,631264f4f4bd134fd7558f52d7800713,7543
release,651c99e489fc6160c4315622ca07fc8e,2
release,69069a06598131e140e597008a92c032,986
release,69069a06598131e140e597008a92c032,2696
release,69069a06598131e140e597008a92c032,1855
release,69069a06598131e140e597008a92c032,9757
release,6a7c7c0bc35c22eb88216084a4b851c8,3062
release,6a7c7c0bc35c22eb88216084a4b851c8,359
release,6a7c7c0bc35c22eb88216084a4b851c8,2994
release,6a7c7c0bc35c22eb88216084a4b851c8,8
release,6a7c7c0bc35c22eb88216084a4b851c8,1529
release,6a7c7c0bc35c22eb88216084a4b851c8,1482
release,6a7c7c0bc35c22eb88216084a4b851c8,2946
release,6a7c7c0bc35c22eb88216084a4b851c8,593
release,6a7c7c0bc35c22eb88216084a4b851c8,3229
release,6a7c7c0bc35c22eb88216084a4b851c8,6714
release,6a7c7c0bc35c22eb88216084a4b851c8,3174
release,6a7c7c0bc35c22eb88216084a4b851c8,3387
release,6a7c7c0bc35c22eb88216084a4b851c8,4015
release,6cb534285c3062a4c9ccb6ce86cf436f,4763
release,703fa46011009f3b61353ebf11f70228,3
release,703fa46011009f3b61353ebf11f70228,3
release,72378e8f6c97b41caf80f0027f172253,1614
release,745c013d3ad55dff3e36ff4d31eb1010,845
release,745c013d3ad55dff3e36ff4d31eb1010,2584
release,745c013d3ad55dff3e36ff4d31eb1010,4695
release,78765727915213221be6b5d6030fbb99,503
release,78765727915213221be6b5d6030fbb99,66
release,78765727915213221be6b5d6030fbb99,758
release,78765727915213221be6b5d6030fbb99,431
release,78765727915213221be6b5d6030fbb99,2261
release,78765727915213221be6b5d6030fbb99,223
release,78765727915213221be6b5d6030fbb99,1325
release,78765727915213221be6b5d6030fbb99,375
release,78765727915213221be6b5d6030fbb99,1171
release,78765727915213221be6b5d6030fbb99,952
release,78765727915213221be6b5d6030fbb99,2043
release,78765727915213221be6b5d6030fbb99,907
release,78765727915213221be6b5d6030fbb99,212
release,78765727915213221be6b5d6030fbb99,830
release,78765727915213221be6b5d6030fbb99,844
release,78765727915213221be6b5d6030fbb99,2239
release,78765727915213221be6b5d6030fbb99,948
release,78765727915213221be6b5d6030fbb99,1726
release,78765727915213221be6b5d6030fbb99,3130
release,78765727915213221be6b5d6030fbb99,1714
release,78765727915213221be6b5d6030fbb99,1322
release,78765727915213221be6b5d6030fbb99,833
release,78765727915213221be6b5d6030fbb99,696
release,78765727915213221be6b5d6030fbb99,10
release,78765727915213221be6b5d6030fbb99,383
release,7b91ea6fa378f8daef144aba2a2e9077,946
release,7b91ea6fa378f8daef144aba2a2e9077,10
release,7b91ea6fa378f8daef144aba2a2e9077,1871
release,7bb047cc6b850801f17e677f9ff8699b,6874
release,7bb047cc6b850801f17e677f9ff8699b,6672
release,7bb047cc6b850801f17e677f9ff8699b,13879
release,7bb047cc6b850801f17e677f9ff8699b,3236
release,7bb047cc6b850801f17e677f9ff8699b,10774
release,7bb047cc6b850801f17e677f9ff8699b,2883
release,7bb047cc6b850801f17e677f9ff8699b,5907
release,7bb047cc6b850801f17e677f9ff8699b,16326
release,7bb047cc6b850801f17e677f9ff8699b,10070
release,7bb047cc6b850801f17e677f9ff8699b,1621
release,7bb047cc6b850801f17e677f9ff8699b,11612
release,7bb047cc6b850801f17e677f9ff8699b,1218
release,7bb047cc6b850801f17e677f9ff8699b,57
release,7bb047cc6b850801f17e677f9ff8699b,1
release,7bb047cc6b850801f17e677f9ff8699b,4
release,7bb047cc6b850801f17e677f9ff8699b,6824
release,7bb047cc6b850801f17e677f9ff8699b,4459
release,7bb047cc6b850801f17e677f9ff8699b,7522
release,7bb047cc6b850801f17e677f9ff8699b,13866
release,7bb047cc6b850801f17e677f9ff8699b,12857
release,7cf4545664e481a536beb8574bd58ff0,697
release,7cf4545664e481a536beb8574bd58ff0,1127
release,7cf4545664e481a536beb8574bd58ff0,1083
release,7cf4545664e481a536beb8574bd58ff0,939
release,7cf4545664e481a536beb8574bd58ff0,993
release,7cf4545664e481a536beb8574bd58ff0,2805
release,7cf4545664e481a536beb8574bd58ff0,1943
release,7cf4545664e481a536beb8574bd58ff0,4913
release,7cf4545664e481a536beb8574bd58ff0,550
release,7cf4545664e481a536beb8574bd58ff0,1986
release,7cf4545664e481a536beb8574bd58ff0,2861
release,7cf4545664e481a536beb8574bd58ff0,1727
release,7cf4545664e481a536beb8574bd58ff0,1691
release,7cf4545664e481a536beb8574bd58ff0,1321
release,7cf4545664e481a536beb8574bd58ff0,3099
release,7cf4545664e481a536beb8574bd58ff0,2774
release,7cf4545664e481a536beb8574bd58ff0,1034
release,7cf4545664e481a536beb8574bd58ff0,2870
release,7d9421ed79b4a8c4caf4593eba8ac426,3678
release,7d9421ed79b4a8c4caf4593eba8ac426,9079
release,7d9421ed79b4a8c4caf4593eba8ac426,4723
release,7d9421ed79b4a8c4caf4593eba8ac426,7851
release,961b0ab7d548d11ec1256034dc8d6222,1052
release,961b0ab7d548d11ec1256034dc8d6222,10811
release,961b0ab7d548d11ec1256034dc8d6222,12135
release,9941035d20dc24dbedb0d397143607e1,1564
release,9ff8af52e1d538144f3248a3cc04256c,1560
release,9ff8af52e1d538144f3248a3cc04256c,1179
release,9ff8af52e1d538144f3248a3cc04256c,2303
release,a92506c9d65290c530f3b2059f968553,2170
release,a92506c9d65290c530f3b2059f968553,3638
release,a92506c9d65290c530f3b2059f968553,5930
release,a92506c9d65290c530f3b2059f968553,5337
release,aa3064b88b638e1d4427db1cc8d7b5cf,3
release,aa3064b88b638e1d4427db1cc8d7b5cf,4336
release,b32c1c8c4dbf415ae9d2d8a6757dc17f,5
release,b32c1c8c4dbf415ae9d2d8a6757dc17f,2551
release,b32c1c8c4dbf415ae9d2d8a6757dc17f,1757
release,b32c1c8c4dbf415ae9d2d8a6757dc17f,1478
release,c1e535e3a3caf2be93c56abb460f4b97,6649
release,c1e535e3a3caf2be93c56abb460f4b97,544
release,c1e535e3a3caf2be93c56abb460f4b97,4263
release,c1e535e3a3caf2be93c56abb460f4b97,787
release,c1e535e3a3caf2be93c56abb460f4b97,1665
release,c1e535e3a3caf2be93c56abb460f4b97,60
release,c8776a3e45ea94002ca717dad0b5bdbe,2234
release,c8776a3e45ea94002ca717dad0b5bdbe,1186
release,c8776a3e45ea94002ca717dad0b5bdbe,2000
release,c8776a3e45ea94002ca717dad0b5bdbe,3187
release,c8776a3e45ea94002ca717dad0b5bdbe,5438
release,c8776a3e45ea94002ca717dad0b5bdbe,6481
release,c8776a3e45ea94002ca717dad0b5bdbe,4927
release,c8776a3e45ea94002ca717dad0b5bdbe,2
release,c8776a3e45ea94002ca717dad0b5bdbe,3523
release,c8776a3e45ea94002ca717dad0b5bdbe,2127
release,c8776a3e45ea94002ca717dad0b5bdbe,455
release,c8776a3e45ea94002ca717dad0b5bdbe,7299
release,c8776a3e45ea94002ca717dad0b5bdbe,3039
release,c8776a3e45ea94002ca717dad0b5bdbe,1726
release,c8776a3e45ea94002ca717dad0b5bdbe,3348
release,c8776a3e45ea94002ca717dad0b5bdbe,4573
release,c8776a3e45ea94002ca717dad0b5bdbe,3933
release,c8776a3e45ea94002ca717dad0b5bdbe,2563
release,c8776a3e45ea94002ca717dad0b5bdbe,564
release,c8776a3e45ea94002ca717dad0b5bdbe,5571
release,c8ecf15bb1c702c0e7ecfb7040e7488c,1542
release,c8ecf15bb1c702c0e7ecfb7040e7488c,3
release,c8ecf15bb1c702c0e7ecfb7040e7488c,3410
release,c9d74976d4bd99906f5789969ebd442d,317
release,c9d74976d4bd99906f5789969ebd442d,1296
release,c9d74976d4bd99906f5789969ebd442d,162
release,c9d74976d4bd99906f5789969ebd442d,3010
release,cd4cd99daef92fd92a265641c53e5970,591
release,cd4cd99daef92fd92a265641c53e5970,409
release,cd4cd99daef92fd92a265641c53e5970,2348
release,cee12aef4261476c2060cbf9ba4d4473,320
release,d003a9754f3ac0984f45646eb41d7a7f,1030
release,d003a9754f3ac0984f45646eb41d7a7f,1863
release,d8116c9e32db25d8094de9017eb93e8b,382
release,d8116c9e32db25d8094de9017eb93e8b,1964
release,d8116c9e32db25d8094de9017eb93e8b,5491
release,deba690ab4d9f6721bda0cb2045e3e5a,2306
release,deba690ab4d9f6721bda0cb2045e3e5a,2160
release,deba690ab4d9f6721bda0cb2045e3e5a,5961
release,deba690ab4d9f6721bda0cb2045e3e5a,3830
release,deba690ab4d9f6721bda0cb2045e3e5a,14272
release,e284e21ab752aab46ee3d7f87fd3fb6e,2837
release,e284e21ab752aab46ee3d7f87fd3fb6e,1341
release,ec0c28e0aecc01dc88a7fd8502b21df6,1749
release,ec0c28e0aecc01dc88a7fd8502b21df6,2035
release,ec0c28e0aecc01dc88a7fd8502b21df6,1670
release,ec0c28e0aecc01dc88a7fd8502b21df6,920
release,ec0c28e0aecc01dc88a7fd8502b21df6,558
release,ec0c28e0aecc01dc88a7fd8502b21df6,2
release,f0bcab886015282afc53ae820d87808b,60
release,f0bcab886015282afc53ae820d87808b,1289
release,f0bcab886015282afc53ae820d87808b,3671
release,f0bcab886015282afc53ae820d87808b,3216
release,f0bcab886015282afc53ae820d87808b,7067
release,f0bcab886015282afc53ae820d87808b,3481
release,f0bcab886015282afc53ae820d87808b,4420
release,f0bcab886015282afc53ae820d87808b,1947
release,f0bcab886015282afc53ae820d87808b,18470
release,fb8f60361652b022de212ee49667992c,1583
